{
  "1.1": {
    "2": {
      "betas": [
        1.4912197814230765,
        1.4156745840148937,
        1.3439565064736394
      ],
      "thetas": [
        0.5181263908899671,
        0.6989891502909299,
        0.7801260907723104
      ],
      "surface_machs": [
        0.44389441199883023,
        0.49011892816845304,
        0.5730807122569447
      ],
      "cps": [
        1.5228007934308676,
        1.5090644861877032,
        1.4644369674720077
      ]
    },
    "4": {
      "betas": [
        1.4802852803775515,
        1.394989581987075
      ],
      "thetas": [
        0.9619040230311073,
        1.0983916711375505
      ],
      "surface_machs": [
        0.35726578371012024,
        0.574315124640667
      ],
      "cps": [
        1.8208571306950092,
        1.7795455308346493
      ]
    },
    "6": {
      "betas": [
        1.4741458684670026
      ],
      "thetas": [
        1.1132637007255133
      ],
      "surface_machs": [
        0.3964920308273702
      ],
      "cps": [
        1.8701177317025177
      ]
    },
    "8": {
      "betas": [
        1.4698378371498606
      ],
      "thetas": [
        1.1724979509817417
      ],
      "surface_machs": [
        0.43215597311468523
      ],
      "cps": [
        1.8862141183174286
      ]
    },
    "10": {
      "betas": [
        1.4665145704628235
      ],
      "thetas": [
        1.2012054362484084
      ],
      "surface_machs": [
        0.45855334550615506
      ],
      "cps": [
        1.8930729902411594
      ]
    },
    "12": {
      "betas": [
        1.4638087002891844
      ],
      "thetas": [
        1.2173712332943958
      ],
      "surface_machs": [
        0.4783707046869362
      ],
      "cps": [
        1.8964054812170574
      ]
    },
    "15": {
      "betas": [
        1.4605068589896875
      ],
      "thetas": [
        1.2311845709855458
      ],
      "surface_machs": [
        0.5003935072371093
      ],
      "cps": [
        1.8986517912805725
      ]
    },
    "20": {
      "betas": [],
      "thetas": [],
      "surface_machs": [],
      "cps": []
    },
    "25": {
      "betas": [],
      "thetas": [],
      "surface_machs": [],
      "cps": []
    }
  },
  "1.2": {
    "2": {
      "betas": [
        1.4912197814230765,
        1.4156745840148937,
        1.3439565064736394,
        1.275871666898434
      ],
      "thetas": [
        0.47892016535716453,
        0.6515647978407675,
        0.7348509092896234,
        0.7671471907480071
      ],
      "surface_machs": [
        0.46085532563515513,
        0.49463288144524475,
        0.5653652645560527,
        0.6505820618404814
      ],
      "cps": [
        1.4646626397462414,
        1.4560122339237433,
        1.4149941888312345,
        1.3557405082858898
      ]
    },
    "4": {
      "betas": [
        1.4802852803775515,
        1.394989581987075
      ],
      "thetas": [
        0.8282765862662528,
        1.0003831955589337
      ],
      "surface_machs": [
        0.3546155245349428,
        0.5145748178495906
      ],
      "cps": [
        1.756644984606494,
        1.7192634436020564
      ]
    },
    "6": {
      "betas": [
        1.4741458684670026,
        1.383442273482018
      ],
      "thetas": [
        0.9501565005516125,
        1.0846849268899819
      ],
      "surface_machs": [
        0.36123720787747454,
        0.5793759344293296
      ],
      "cps": [
        1.8053382228470165,
        1.760189796937947
      ]
    },
    "8": {
      "betas": [
        1.4698378371498606
      ],
      "thetas": [
        1.0021128522435112
      ],
      "surface_machs": [
        0.37372571640579144
      ],
      "cps": [
        1.821255476006091
      ]
    },
    "10": {
      "betas": [
        1.4665145704628235
      ],
      "thetas": [
        1.0294755646679634
      ],
      "surface_machs": [
        0.3844152396823022
      ],
      "cps": [
        1.8280540862825843
      ]
    },
    "12": {
      "betas": [
        1.4638087002891844
      ],
      "thetas": [
        1.046149135390548
      ],
      "surface_machs": [
        0.39317001736762275
      ],
      "cps": [
        1.8313742338087333
      ]
    },
    "15": {
      "betas": [
        1.4605068589896875
      ],
      "thetas": [
        1.0617439423196537
      ],
      "surface_machs": [
        0.4036738460244001
      ],
      "cps": [
        1.8336380443333238
      ]
    },
    "20": {
      "betas": [
        1.456264186202466
      ],
      "thetas": [
        1.0766275777885592
      ],
      "surface_machs": [
        0.4168002344106599
      ],
      "cps": [
        1.8346875225097141
      ]
    },
    "25": {
      "betas": [
        1.4529832910271712
      ],
      "thetas": [
        1.0855215794274307
      ],
      "surface_machs": [
        0.4267075866263606
      ],
      "cps": [
        1.8345983299769804
      ]
    }
  },
  "1.3": {
    "2": {
      "betas": [
        1.4912197814230765,
        1.4156745840148937,
        1.3439565064736394,
        1.275871666898434
      ],
      "thetas": [
        0.4474517502489239,
        0.6121072566773135,
        0.6959319655358914,
        0.7316228170603075
      ],
      "surface_machs": [
        0.4758035331155908,
        0.5001403333141167,
        0.5610972804418225,
        0.6377207275788885
      ],
      "cps": [
        1.410686698163197,
        1.4066505244085632,
        1.3690598221181876,
        1.3127997426783684
      ]
    },
    "4": {
      "betas": [
        1.4802852803775515,
        1.394989581987075
      ],
      "thetas": [
        0.7318550743995049,
        0.918887189573208
      ],
      "surface_machs": [
        0.3641435314408516,
        0.48644632122457737
      ],
      "cps": [
        1.6962961704788782,
        1.6633277187575848
      ]
    },
    "6": {
      "betas": [
        1.4741458684670026,
        1.383442273482018
      ],
      "thetas": [
        0.8306401361450647,
        0.9969784782084957
      ],
      "surface_machs": [
        0.3583785909675342,
        0.5240916339002575
      ],
      "cps": [
        1.7445234528696598,
        1.7032221415592157
      ]
    },
    "8": {
      "betas": [
        1.4698378371498606,
        1.3753681687845407
      ],
      "thetas": [
        0.8750093314183044,
        1.0265705027141327
      ],
      "surface_machs": [
        0.36246230701398713,
        0.551407808140666
      ],
      "cps": [
        1.7603837792220869,
        1.7141995450856815
      ]
    },
    "10": {
      "betas": [
        1.4665145704628235,
        1.3691558534313901
      ],
      "thetas": [
        0.8996870526129593,
        1.041004336917874
      ],
      "surface_machs": [
        0.3675086558292277,
        0.5713383589235124
      ],
      "cps": [
        1.7672101810170424,
        1.7174551200911932
      ]
    },
    "12": {
      "betas": [
        1.4638087002891844,
        1.3641080479315981
      ],
      "thetas": [
        0.9154947325645767,
        1.0492140168325585
      ],
      "surface_machs": [
        0.3722326585384558,
        0.586754566857193
      ],
      "cps": [
        1.7705814818622705,
        1.7179666846485016
      ]
    },
    "15": {
      "betas": [
        1.4605068589896875
      ],
      "thetas": [
        0.9310825630961734
      ],
      "surface_machs": [
        0.3784102618156889
      ],
      "cps": [
        1.7729303988023093
      ]
    },
    "20": {
      "betas": [
        1.456264186202466
      ],
      "thetas": [
        0.9470028220486136
      ],
      "surface_machs": [
        0.3867182556991463
      ],
      "cps": [
        1.7741117583627333
      ]
    },
    "25": {
      "betas": [
        1.4529832910271712
      ],
      "thetas": [
        0.9571688318304524
      ],
      "surface_machs": [
        0.39331055772944484
      ],
      "cps": [
        1.7741342677030647
      ]
    }
  },